"Timestamp"," [Twister (1996, 1:53)]"," [Frequently Asked Questions about Time Travel (2009, 1:22)]"," [Robin Hood: Men in Tights (1993,1:44)]"," [Warm Bodies (2013, 1:38)]"," [The Hunt for Red October (1990, 2:15)]"," [Bedknobs and Broomsticks (1971, 1:57)]"," [Tracers (2015, 1:34)]"," [Bill and Ted's Excellent Adventure (1989, 1:30)]"
"2020/09/17 10:36:09 am GMT-4","I do not love this film but would still show up","I would REALLY LIKE to watch this film","I do not love this film but would still show up","I do not love this film but would still show up","I do not love this film but would still show up","I do not love this film but would still show up","I would REALLY LIKE to watch this film","I would REALLY LIKE to watch this film"
"2020/09/17 12:12:22 pm GMT-4","I would REALLY LIKE to watch this film","I would NOT come to watch this film","I do not love this film but would still show up","I do not love this film but would still show up","I would NOT come to watch this film","I would NOT come to watch this film","I would NOT come to watch this film","I would REALLY LIKE to watch this film"
"2020/09/17 12:14:42 pm GMT-4","I do not love this film but would still show up","I do not love this film but would still show up","I do not love this film but would still show up","I would REALLY LIKE to watch this film","I would REALLY LIKE to watch this film","I would REALLY LIKE to watch this film","I would REALLY LIKE to watch this film","I do not love this film but would still show up"
"2020/09/17 12:16:52 pm GMT-4","I would NOT come to watch this film","I would REALLY LIKE to watch this film","I do not love this film but would still show up","I would REALLY LIKE to watch this film","I would NOT come to watch this film","I would REALLY LIKE to watch this film","I do not love this film but would still show up","I would REALLY LIKE to watch this film"
"2020/09/17 12:28:22 pm GMT-4","I do not love this film but would still show up","I do not love this film but would still show up","I do not love this film but would still show up","I do not love this film but would still show up","I do not love this film but would still show up","I would REALLY LIKE to watch this film","I do not love this film but would still show up","I do not love this film but would still show up"
"2020/09/17 12:55:52 pm GMT-4","I would REALLY LIKE to watch this film","I would REALLY LIKE to watch this film","I do not love this film but would still show up","I would REALLY LIKE to watch this film","I would REALLY LIKE to watch this film","I do not love this film but would still show up","I would REALLY LIKE to watch this film","I do not love this film but would still show up"
"2020/09/17 1:49:57 pm GMT-4","I would NOT come to watch this film","I do not love this film but would still show up","I would NOT come to watch this film","I would NOT come to watch this film","I would REALLY LIKE to watch this film","I would NOT come to watch this film","I would REALLY LIKE to watch this film","I do not love this film but would still show up"
"2020/09/17 2:28:08 pm GMT-4","I do not love this film but would still show up","I would REALLY LIKE to watch this film","I would REALLY LIKE to watch this film","I would REALLY LIKE to watch this film","I would REALLY LIKE to watch this film","I would REALLY LIKE to watch this film","I would REALLY LIKE to watch this film","I would REALLY LIKE to watch this film"
"2020/09/17 4:57:18 pm GMT-4","I would NOT come to watch this film","I would REALLY LIKE to watch this film","I would REALLY LIKE to watch this film","I do not love this film but would still show up","I do not love this film but would still show up","I do not love this film but would still show up","I would NOT come to watch this film","I would REALLY LIKE to watch this film"
"2020/09/17 5:51:47 pm GMT-4","I do not love this film but would still show up","I would REALLY LIKE to watch this film","I do not love this film but would still show up","I would NOT come to watch this film","I do not love this film but would still show up","I would REALLY LIKE to watch this film","I do not love this film but would still show up","I would REALLY LIKE to watch this film"
"2020/09/18 2:55:13 pm GMT-4","I would NOT come to watch this film","I do not love this film but would still show up","I would REALLY LIKE to watch this film","I do not love this film but would still show up","I do not love this film but would still show up","I would REALLY LIKE to watch this film","I do not love this film but would still show up","I would NOT come to watch this film"
"2020/09/18 7:37:23 pm GMT-4","I would REALLY LIKE to watch this film","I would REALLY LIKE to watch this film","I do not love this film but would still show up","I do not love this film but would still show up","I would REALLY LIKE to watch this film","I do not love this film but would still show up","I do not love this film but would still show up","I would REALLY LIKE to watch this film"
"2020/09/21 11:34:51 am GMT-4","I would REALLY LIKE to watch this film","I would REALLY LIKE to watch this film","I would REALLY LIKE to watch this film","I do not love this film but would still show up","I would REALLY LIKE to watch this film","I would REALLY LIKE to watch this film","I would REALLY LIKE to watch this film","I would REALLY LIKE to watch this film"
"2020/09/21 12:24:16 pm GMT-4","I would NOT come to watch this film","I do not love this film but would still show up","I do not love this film but would still show up","I would NOT come to watch this film","I would REALLY LIKE to watch this film","I would NOT come to watch this film","I would NOT come to watch this film","I do not love this film but would still show up"
"2020/09/21 12:45:02 pm GMT-4","I would REALLY LIKE to watch this film","I would NOT come to watch this film","I would NOT come to watch this film","I would NOT come to watch this film","I would NOT come to watch this film","I would REALLY LIKE to watch this film","I would NOT come to watch this film","I do not love this film but would still show up"