"Timestamp"," [The Rocketeer (1991, 1:49)]"," [Porco Rosso (1992, 1:33)]"," [Crocodile Dundee (1986, 1:38)]"," [Bend It Like Beckham (2002, 1:52)]"," [Clue (1985, 1:37)]"," [The Goonies (1985, 1:54)]"," [The Suicide Squad (2021, 2:12)]"," [Hook (1991, 2:22)]"
"2021/09/15 2:41:48 p.m. AST","I do not love this film but would still show up","I would REALLY LIKE to watch this film","I would NOT come to watch this film","I would REALLY LIKE to watch this film","I would REALLY LIKE to watch this film","I would NOT come to watch this film","I would NOT come to watch this film","I would REALLY LIKE to watch this film"
"2021/09/15 2:42:56 p.m. AST","I would NOT come to watch this film","I would NOT come to watch this film","I would NOT come to watch this film","I would NOT come to watch this film","I would NOT come to watch this film","I would REALLY LIKE to watch this film","I would NOT come to watch this film","I would NOT come to watch this film"
"2021/09/15 2:54:32 p.m. AST","I do not love this film but would still show up","I do not love this film but would still show up","I would REALLY LIKE to watch this film","I do not love this film but would still show up","I do not love this film but would still show up","I do not love this film but would still show up","I would REALLY LIKE to watch this film","I do not love this film but would still show up"
"2021/09/15 3:01:59 p.m. AST","I do not love this film but would still show up","I would REALLY LIKE to watch this film","I would NOT come to watch this film","I would NOT come to watch this film","I would REALLY LIKE to watch this film","I do not love this film but would still show up","I do not love this film but would still show up","I would REALLY LIKE to watch this film"
"2021/09/15 4:36:03 p.m. AST","I would REALLY LIKE to watch this film","I do not love this film but would still show up","I would REALLY LIKE to watch this film","I do not love this film but would still show up","I would REALLY LIKE to watch this film","I would REALLY LIKE to watch this film","I do not love this film but would still show up","I would REALLY LIKE to watch this film"
"2021/09/15 4:58:23 p.m. AST","I would NOT come to watch this film","I would NOT come to watch this film","I would REALLY LIKE to watch this film","I would REALLY LIKE to watch this film","I would NOT come to watch this film","I would NOT come to watch this film","I do not love this film but would still show up","I do not love this film but would still show up"
"2021/09/15 6:28:07 p.m. AST","I would NOT come to watch this film","I would REALLY LIKE to watch this film","I do not love this film but would still show up","I do not love this film but would still show up","I would REALLY LIKE to watch this film","I would NOT come to watch this film","I do not love this film but would still show up","I would REALLY LIKE to watch this film"
"2021/09/15 8:36:18 p.m. AST","I do not love this film but would still show up","I do not love this film but would still show up","I do not love this film but would still show up","I would REALLY LIKE to watch this film","I do not love this film but would still show up","I do not love this film but would still show up","I do not love this film but would still show up","I do not love this film but would still show up"
"2021/09/17 9:30:43 p.m. AST","I do not love this film but would still show up","I do not love this film but would still show up","I do not love this film but would still show up","I do not love this film but would still show up","I do not love this film but would still show up","I do not love this film but would still show up","I do not love this film but would still show up","I do not love this film but would still show up"
"2021/09/19 9:22:13 p.m. AST","I do not love this film but would still show up","I would REALLY LIKE to watch this film","I would REALLY LIKE to watch this film","I would REALLY LIKE to watch this film","I would REALLY LIKE to watch this film","I would REALLY LIKE to watch this film","I would REALLY LIKE to watch this film","I do not love this film but would still show up"
"2021/09/20 11:17:12 a.m. AST","I would REALLY LIKE to watch this film","I would REALLY LIKE to watch this film","I do not love this film but would still show up","I do not love this film but would still show up","I would REALLY LIKE to watch this film","I do not love this film but would still show up","I do not love this film but would still show up","I do not love this film but would still show up"
"2021/09/20 11:32:04 a.m. AST","I do not love this film but would still show up","I would REALLY LIKE to watch this film","I would NOT come to watch this film","I do not love this film but would still show up","I would REALLY LIKE to watch this film","I would NOT come to watch this film","I do not love this film but would still show up","I would REALLY LIKE to watch this film"
"2021/09/20 3:46:39 p.m. AST","I do not love this film but would still show up","I do not love this film but would still show up","I would NOT come to watch this film","I would REALLY LIKE to watch this film","I would REALLY LIKE to watch this film","I do not love this film but would still show up","I would REALLY LIKE to watch this film","I would REALLY LIKE to watch this film"