"Timestamp"," [Beetlejuice Beetlejuice Beetlejuice Beetlejuice Beetlejuice (6046, 5:02)]"," [Beetlejuice Beetlejuice Beetlejuice Beetlejuice Beetlejuice Beetlejuice  (8044, 6:34)]"," [Beetlejuice Beetlejuice Beetlejuice (4022, 3:17)]"," [Beetlejuice Beetlejuice Beetlejuice Beetlejuice Beetlejuice Beetlejuice Beetlejuice (8070, 6:47)]"," [Beetlejuice Beetlejuice (2024, 1:45)]"," [Beetlejuice (1988, 1:32)]"," [Beetlejuice Beetlejuice Beetlejuice Beetlejuice Beetlejuice Beetlejuice Beetlejuice Beetlejuice (10068, 8:19)]"," [Beetlejuice Beetlejuice Beetlejuice Beetlejuice (6020, 4:49)]"
"2024/10/25 3:29:16 p.m. AST","I would REALLY LIKE to watch this film","I would REALLY LIKE to watch this film","I would REALLY LIKE to watch this film","I would REALLY LIKE to watch this film","I would REALLY LIKE to watch this film","I would REALLY LIKE to watch this film","I would REALLY LIKE to watch this film","I would REALLY LIKE to watch this film"
"2024/10/25 4:48:33 p.m. AST","I would NOT come to watch this film","I would NOT come to watch this film","I would NOT come to watch this film","I do not love this film but would still show up","I would REALLY LIKE to watch this film","I do not love this film but would still show up","I do not love this film but would still show up","I would NOT come to watch this film"
"2024/10/25 5:24:34 p.m. AST","I do not love this film but would still show up","I would REALLY LIKE to watch this film","I would REALLY LIKE to watch this film","I would REALLY LIKE to watch this film","I would REALLY LIKE to watch this film","I would REALLY LIKE to watch this film","I do not love this film but would still show up","I would REALLY LIKE to watch this film"
"2024/10/25 5:26:20 p.m. AST","I would NOT come to watch this film","I would NOT come to watch this film","I would NOT come to watch this film","I would NOT come to watch this film","I do not love this film but would still show up","I would REALLY LIKE to watch this film","I would NOT come to watch this film","I would NOT come to watch this film"
"2024/10/27 7:10:57 p.m. AST","I would REALLY LIKE to watch this film","I would REALLY LIKE to watch this film","I would REALLY LIKE to watch this film","I would REALLY LIKE to watch this film","I would REALLY LIKE to watch this film","I would REALLY LIKE to watch this film","I would REALLY LIKE to watch this film","I would REALLY LIKE to watch this film"
"2024/10/27 9:53:11 p.m. AST","I do not love this film but would still show up","I do not love this film but would still show up","I do not love this film but would still show up","I do not love this film but would still show up","I would REALLY LIKE to watch this film","I do not love this film but would still show up","I do not love this film but would still show up","I do not love this film but would still show up"
"2024/10/28 10:34:12 a.m. AST","I would REALLY LIKE to watch this film","I do not love this film but would still show up","I would REALLY LIKE to watch this film","I would REALLY LIKE to watch this film","I do not love this film but would still show up","I do not love this film but would still show up","I do not love this film but would still show up","I would REALLY LIKE to watch this film"
"2024/10/28 11:18:51 a.m. AST","I would REALLY LIKE to watch this film","I would REALLY LIKE to watch this film","I would REALLY LIKE to watch this film","I would REALLY LIKE to watch this film","I would REALLY LIKE to watch this film","I do not love this film but would still show up","I would REALLY LIKE to watch this film","I would REALLY LIKE to watch this film"
"2024/10/28 11:24:05 a.m. AST","I would REALLY LIKE to watch this film","I would REALLY LIKE to watch this film","I would REALLY LIKE to watch this film","I would REALLY LIKE to watch this film","I would REALLY LIKE to watch this film","I would REALLY LIKE to watch this film","I would REALLY LIKE to watch this film","I would REALLY LIKE to watch this film"
"2024/10/28 11:24:21 a.m. AST","I do not love this film but would still show up","I would REALLY LIKE to watch this film","I would REALLY LIKE to watch this film","I would NOT come to watch this film","I would NOT come to watch this film","I do not love this film but would still show up","I do not love this film but would still show up","I would REALLY LIKE to watch this film"
"2024/10/28 11:24:40 a.m. AST","I would REALLY LIKE to watch this film","I do not love this film but would still show up","I do not love this film but would still show up","I do not love this film but would still show up","I would REALLY LIKE to watch this film","I would REALLY LIKE to watch this film","I do not love this film but would still show up","I would REALLY LIKE to watch this film"
"2024/10/28 11:31:34 a.m. AST","I do not love this film but would still show up","I do not love this film but would still show up","I would NOT come to watch this film","I would REALLY LIKE to watch this film","I do not love this film but would still show up","I do not love this film but would still show up","I would NOT come to watch this film","I would REALLY LIKE to watch this film"
"2024/10/28 2:44:43 p.m. AST","I would NOT come to watch this film","I would NOT come to watch this film","I would NOT come to watch this film","I would NOT come to watch this film","I would REALLY LIKE to watch this film","I would NOT come to watch this film","I would NOT come to watch this film","I would NOT come to watch this film"
"2024/10/28 3:05:47 p.m. AST","I would NOT come to watch this film","I would NOT come to watch this film","I would NOT come to watch this film","I would NOT come to watch this film","I would REALLY LIKE to watch this film","I do not love this film but would still show up","I would NOT come to watch this film","I would NOT come to watch this film"
"2024/10/28 5:10:09 p.m. AST","I would REALLY LIKE to watch this film","I would REALLY LIKE to watch this film","I would REALLY LIKE to watch this film","I would REALLY LIKE to watch this film","I would REALLY LIKE to watch this film","I would REALLY LIKE to watch this film","I would REALLY LIKE to watch this film","I would REALLY LIKE to watch this film"