"Timestamp"," [Row 1]"," [Indiana Jones and the Last Crusade (1989, 2:07)]"," [Postcards from the Edge (1990, 1:42)]"," [Corvette Summer (1978, 1:45)]"," [Spaceballs (1987, 1:36)]"," [Ronin (1998, 2:02)]"," [Blue Crush (2002, 1:44)]"," [That Thing You Do (1996, 2:28)]"," [WarGames (1983, 1:52)]"
"2021/05/07 5:53:28 a.m. AST","I would NOT come to watch this film","I do not love this film but would still show up","I do not love this film but would still show up","I do not love this film but would still show up","I do not love this film but would still show up","I do not love this film but would still show up","I do not love this film but would still show up","I do not love this film but would still show up","I do not love this film but would still show up"
"2021/05/07 6:02:32 a.m. AST","I would REALLY LIKE to watch this film","I would NOT come to watch this film","I would REALLY LIKE to watch this film","I would NOT come to watch this film","I would NOT come to watch this film","I would NOT come to watch this film","I would NOT come to watch this film","I would NOT come to watch this film","I would REALLY LIKE to watch this film"
"2021/05/07 10:27:23 a.m. AST","I would NOT come to watch this film","I would NOT come to watch this film","I would NOT come to watch this film","I would NOT come to watch this film","I would REALLY LIKE to watch this film","I would NOT come to watch this film","I would NOT come to watch this film","I would NOT come to watch this film","I would NOT come to watch this film"
"2021/05/07 11:26:27 a.m. AST","I would NOT come to watch this film","I would REALLY LIKE to watch this film","I would REALLY LIKE to watch this film","I would REALLY LIKE to watch this film","I would REALLY LIKE to watch this film","I would REALLY LIKE to watch this film","I would REALLY LIKE to watch this film","I would REALLY LIKE to watch this film","I would REALLY LIKE to watch this film"
"2021/05/07 12:34:47 p.m. AST","I would REALLY LIKE to watch this film","I do not love this film but would still show up","I would REALLY LIKE to watch this film","I do not love this film but would still show up","I do not love this film but would still show up","I do not love this film but would still show up","I would NOT come to watch this film","I would NOT come to watch this film","I do not love this film but would still show up"
"2021/05/07 7:32:09 p.m. AST","I do not love this film but would still show up","I do not love this film but would still show up","I would REALLY LIKE to watch this film","I do not love this film but would still show up","I do not love this film but would still show up","I would REALLY LIKE to watch this film","I do not love this film but would still show up","I do not love this film but would still show up","I would REALLY LIKE to watch this film"
"2021/05/09 9:13:32 p.m. AST","I would NOT come to watch this film","I do not love this film but would still show up","I do not love this film but would still show up","I do not love this film but would still show up","I would REALLY LIKE to watch this film","I do not love this film but would still show up","I would REALLY LIKE to watch this film","I would REALLY LIKE to watch this film","I would NOT come to watch this film"
"2021/05/09 9:33:36 p.m. AST","I would REALLY LIKE to watch this film","I do not love this film but would still show up","I would REALLY LIKE to watch this film","I would NOT come to watch this film","I do not love this film but would still show up","I do not love this film but would still show up","I would REALLY LIKE to watch this film","I would NOT come to watch this film","I would NOT come to watch this film"
"2021/05/10 8:25:45 a.m. AST","I do not love this film but would still show up","I would REALLY LIKE to watch this film","I do not love this film but would still show up","I do not love this film but would still show up","I would REALLY LIKE to watch this film","I do not love this film but would still show up","I do not love this film but would still show up","I do not love this film but would still show up","I would REALLY LIKE to watch this film"
"2021/05/10 3:54:12 p.m. AST","I do not love this film but would still show up","I would REALLY LIKE to watch this film","I would REALLY LIKE to watch this film","I would NOT come to watch this film","I would NOT come to watch this film","I do not love this film but would still show up","I do not love this film but would still show up","I do not love this film but would still show up","I would REALLY LIKE to watch this film"